Actual_Demand,Predicted_Demand,Error,Demand_Status,Stock_Risk,Inventory_Level,Recommended_Action
29.0,45.63333333333333,-16.633333333333333,Normal Demand,Safe,83.0,No Reorder
65.0,45.233333333333334,19.766666666666666,Normal Demand,Safe,283.0,No Reorder
52.0,50.20666666666666,1.7933333333333366,Normal Demand,Safe,89.0,No Reorder
7.0,52.78,-45.78,Normal Demand,Safe,122.0,No Reorder
36.0,41.39666666666667,-5.396666666666668,Normal Demand,Safe,292.0,No Reorder
7.0,43.64,-36.64,Normal Demand,Safe,109.0,No Reorder
77.0,55.056666666666665,21.943333333333335,Normal Demand,Safe,242.0,No Reorder
50.0,44.70333333333333,5.296666666666667,Normal Demand,Safe,222.0,No Reorder
72.0,46.13333333333333,25.866666666666667,Normal Demand,Safe,70.0,No Reorder
71.0,62.48,8.520000000000003,Normal Demand,Risk,33.0,Reorder
15.0,43.513333333333335,-28.513333333333335,Normal Demand,Safe,79.0,No Reorder
41.0,45.653333333333336,-4.653333333333336,Normal Demand,Safe,207.0,No Reorder
70.0,43.56333333333333,26.436666666666667,Normal Demand,Safe,232.0,No Reorder
18.0,45.44,-27.439999999999998,Normal Demand,Safe,224.0,No Reorder
56.0,49.86333333333334,6.136666666666663,Normal Demand,Safe,245.0,No Reorder
78.0,57.123333333333335,20.876666666666665,Normal Demand,Safe,116.0,No Reorder
80.0,43.02333333333333,36.97666666666667,Normal Demand,Safe,207.0,No Reorder
50.0,47.4,2.6000000000000014,Normal Demand,Safe,100.0,No Reorder
88.0,45.68666666666667,42.31333333333333,Normal Demand,Safe,108.0,No Reorder
16.0,40.42666666666667,-24.42666666666667,Normal Demand,Safe,72.0,No Reorder
85.0,43.766666666666666,41.233333333333334,Normal Demand,Safe,180.0,No Reorder
72.0,40.876666666666665,31.123333333333335,Normal Demand,Safe,165.0,No Reorder
53.0,51.47666666666667,1.5233333333333334,Normal Demand,Risk,31.0,Reorder
48.0,83.89666666666666,-35.89666666666666,High Demand,Safe,252.0,No Reorder
58.0,45.24,12.759999999999998,Normal Demand,Safe,81.0,No Reorder
23.0,60.156666666666666,-37.156666666666666,Normal Demand,Safe,151.0,No Reorder
52.0,53.79333333333334,-1.7933333333333366,Normal Demand,Safe,276.0,No Reorder
37.0,40.92333333333333,-3.923333333333332,Normal Demand,Safe,117.0,No Reorder
88.0,43.663333333333334,44.336666666666666,Normal Demand,Safe,124.0,No Reorder
55.0,42.49666666666667,12.50333333333333,Normal Demand,Safe,211.0,No Reorder
41.0,46.79,-5.789999999999999,Normal Demand,Safe,59.0,No Reorder
71.0,36.336666666666666,34.663333333333334,Normal Demand,Safe,207.0,No Reorder
74.0,34.35666666666667,39.64333333333333,Normal Demand,Safe,202.0,No Reorder
50.0,51.41,-1.4099999999999966,Normal Demand,Safe,202.0,No Reorder
1000.0,58.81333333333333,941.1866666666667,Normal Demand,Safe,217.0,No Reorder
52.0,50.35,1.6499999999999986,Normal Demand,Safe,285.0,No Reorder
16.0,43.02,-27.020000000000003,Normal Demand,Safe,174.0,No Reorder
59.0,46.306666666666665,12.693333333333335,Normal Demand,Safe,199.0,No Reorder
44.0,39.59,4.409999999999997,Normal Demand,Safe,197.0,No Reorder
79.0,36.663333333333334,42.336666666666666,Normal Demand,Safe,221.0,No Reorder
6.0,51.00333333333333,-45.00333333333333,Normal Demand,Safe,133.0,No Reorder
14.0,35.74666666666667,-21.74666666666667,Normal Demand,Safe,106.0,No Reorder
67.0,54.166666666666664,12.833333333333336,Normal Demand,Safe,184.0,No Reorder
58.0,45.416666666666664,12.583333333333336,Normal Demand,Safe,294.0,No Reorder
26.0,66.36,-40.36,Normal Demand,Safe,201.0,No Reorder
45.0,53.0,-8.0,Normal Demand,Safe,201.0,No Reorder
10.0,40.74666666666667,-30.74666666666667,Normal Demand,Safe,286.0,No Reorder
20.0,40.00666666666667,-20.006666666666668,Normal Demand,Safe,114.0,No Reorder
61.0,41.68,19.32,Normal Demand,Safe,85.0,No Reorder
50.0,41.236666666666665,8.763333333333335,Normal Demand,Safe,221.0,No Reorder
71.0,45.70666666666666,25.293333333333337,Normal Demand,Risk,25.0,Reorder
24.0,54.44,-30.439999999999998,Normal Demand,Safe,89.0,No Reorder
59.0,58.346666666666664,0.653333333333336,Normal Demand,Safe,98.0,No Reorder
84.0,45.14333333333333,38.85666666666667,Normal Demand,Safe,230.0,No Reorder
9.0,85.62,-76.62,High Demand,Safe,184.0,No Reorder
49.0,37.056666666666665,11.943333333333335,Normal Demand,Safe,159.88305634373734,No Reorder
36.0,65.77,-29.769999999999996,Normal Demand,Safe,242.0,No Reorder
28.0,35.63333333333333,-7.633333333333333,Normal Demand,Safe,163.0,No Reorder
41.0,35.66,5.340000000000003,Normal Demand,Safe,160.0,No Reorder
49.0,39.95,9.049999999999997,Normal Demand,Safe,117.0,No Reorder
67.0,41.58,25.42,Normal Demand,Safe,148.0,No Reorder
36.0,41.653333333333336,-5.653333333333336,Normal Demand,Safe,50.0,No Reorder
36.0,39.46333333333333,-3.463333333333331,Normal Demand,Safe,196.0,No Reorder
16.0,39.57666666666667,-23.576666666666668,Normal Demand,Safe,150.0,No Reorder
46.0,43.36666666666667,2.633333333333333,Normal Demand,Safe,121.0,No Reorder
42.0,50.343333333333334,-8.343333333333334,Normal Demand,Safe,174.0,No Reorder
97.0,54.48,42.52,Normal Demand,Safe,159.88305634373734,No Reorder
24.0,42.63333333333333,-18.633333333333333,Normal Demand,Risk,21.0,Reorder
28.0,45.39333333333333,-17.39333333333333,Normal Demand,Safe,127.0,No Reorder
99.0,53.11,45.89,Normal Demand,Safe,85.0,No Reorder
87.0,46.46666666666667,40.53333333333333,Normal Demand,Safe,108.0,No Reorder
45.0,46.93333333333333,-1.93333333333333,Normal Demand,Safe,163.0,No Reorder
54.0,39.18,14.82,Normal Demand,Safe,170.0,No Reorder
81.0,45.97666666666667,35.02333333333333,Normal Demand,Safe,148.0,No Reorder
86.0,58.47666666666667,27.523333333333333,Normal Demand,Safe,148.0,No Reorder
41.0,49.49,-8.490000000000002,Normal Demand,Safe,186.0,No Reorder
54.0,48.93333333333333,5.06666666666667,Normal Demand,Safe,116.0,No Reorder
41.0,50.46666666666667,-9.466666666666669,Normal Demand,Safe,188.0,No Reorder
18.0,52.43666666666667,-34.43666666666667,Normal Demand,Safe,257.0,No Reorder
62.0,43.236666666666665,18.763333333333335,Normal Demand,Safe,199.0,No Reorder
79.0,47.85,31.15,Normal Demand,Safe,243.0,No Reorder
33.0,46.86,-13.86,Normal Demand,Safe,50.0,No Reorder
36.0,46.63333333333333,-10.633333333333333,Normal Demand,Risk,39.0,Reorder
29.0,47.583333333333336,-18.583333333333336,Normal Demand,Safe,104.0,No Reorder
68.0,46.63,21.369999999999997,Normal Demand,Safe,135.0,No Reorder
53.0,53.86333333333334,-0.8633333333333368,Normal Demand,Safe,158.0,No Reorder
15.0,45.67333333333333,-30.673333333333332,Normal Demand,Safe,112.0,No Reorder
50.0,51.60333333333333,-1.6033333333333317,Normal Demand,Risk,20.0,Reorder
57.0,46.263333333333335,10.736666666666665,Normal Demand,Safe,90.0,No Reorder
15.0,42.82333333333333,-27.82333333333333,Normal Demand,Safe,142.0,No Reorder
75.0,37.99333333333333,37.00666666666667,Normal Demand,Safe,57.0,No Reorder
41.0,45.61666666666667,-4.616666666666667,Normal Demand,Safe,61.0,No Reorder
41.0,46.65,-5.649999999999999,Normal Demand,Safe,160.0,No Reorder
18.0,51.17666666666667,-33.17666666666667,Normal Demand,Safe,117.0,No Reorder
65.0,41.193333333333335,23.806666666666665,Normal Demand,Safe,259.0,No Reorder
83.0,44.58,38.42,Normal Demand,Safe,283.0,No Reorder
67.0,43.846666666666664,23.153333333333336,Normal Demand,Safe,242.0,No Reorder
9.0,42.14,-33.14,Normal Demand,Safe,155.0,No Reorder
74.0,50.13,23.869999999999997,Normal Demand,Risk,40.0,Reorder
57.0,47.50666666666667,9.493333333333332,Normal Demand,Safe,48.0,No Reorder
15.0,39.46333333333333,-24.46333333333333,Normal Demand,Safe,71.0,No Reorder
28.0,48.20666666666666,-20.206666666666663,Normal Demand,Risk,40.0,Reorder
19.0,40.54666666666667,-21.546666666666667,Normal Demand,Safe,64.0,No Reorder
45.0,48.87,-3.8699999999999974,Normal Demand,Safe,235.0,No Reorder
54.0,43.486666666666665,10.513333333333335,Normal Demand,Safe,85.0,No Reorder
18.0,46.97666666666667,-28.976666666666667,Normal Demand,Safe,227.0,No Reorder
44.0,45.08,-1.0799999999999983,Normal Demand,Risk,37.0,Reorder
57.0,44.35,12.649999999999999,Normal Demand,Safe,194.0,No Reorder
26.0,46.876666666666665,-20.876666666666665,Normal Demand,Safe,214.0,No Reorder
42.0,47.86333333333334,-5.863333333333337,Normal Demand,Risk,28.0,Reorder
18.0,43.163333333333334,-25.163333333333334,Normal Demand,Safe,168.0,No Reorder
50.0,38.906666666666666,11.093333333333334,Normal Demand,Safe,192.0,No Reorder
63.0,48.21333333333333,14.786666666666669,Normal Demand,Safe,54.0,No Reorder
84.0,48.56,35.44,Normal Demand,Safe,63.0,No Reorder
68.0,43.61666666666667,24.383333333333333,Normal Demand,Safe,186.0,No Reorder
84.0,47.13666666666666,36.86333333333334,Normal Demand,Safe,252.0,No Reorder
53.0,46.89,6.109999999999999,Normal Demand,Safe,236.0,No Reorder
18.0,45.54333333333334,-27.543333333333337,Normal Demand,Safe,265.0,No Reorder
50.0,41.07333333333333,8.92666666666667,Normal Demand,Safe,246.0,No Reorder
31.0,48.123333333333335,-17.123333333333335,Normal Demand,Safe,86.0,No Reorder
41.0,45.156666666666666,-4.156666666666666,Normal Demand,Safe,238.0,No Reorder
53.0,45.406666666666666,7.593333333333334,Normal Demand,Safe,150.0,No Reorder
85.0,38.736666666666665,46.263333333333335,Normal Demand,Safe,235.0,No Reorder
72.0,53.67666666666667,18.32333333333333,Normal Demand,Safe,125.0,No Reorder
54.0,34.39,19.61,Normal Demand,Safe,198.0,No Reorder
53.0,46.85,6.149999999999999,Normal Demand,Safe,68.0,No Reorder
26.0,37.873333333333335,-11.873333333333335,Normal Demand,Safe,129.0,No Reorder
66.0,48.06,17.939999999999998,Normal Demand,Safe,202.0,No Reorder
91.0,40.71666666666667,50.28333333333333,Normal Demand,Safe,114.0,No Reorder
67.0,41.75666666666667,25.243333333333332,Normal Demand,Risk,23.0,Reorder
31.0,53.07333333333333,-22.07333333333333,Normal Demand,Risk,25.0,Reorder
66.0,40.31333333333333,25.686666666666667,Normal Demand,Safe,110.0,No Reorder
76.0,58.48,17.520000000000003,Normal Demand,Safe,142.0,No Reorder
89.0,44.72,44.28,Normal Demand,Safe,165.0,No Reorder
88.0,220.77333333333334,-132.77333333333334,High Demand,Risk,98.0,Reorder
41.0,49.02333333333333,-8.023333333333333,Normal Demand,Safe,230.0,No Reorder
44.0,49.583333333333336,-5.583333333333336,Normal Demand,Safe,70.0,No Reorder
36.0,43.016666666666666,-7.016666666666666,Normal Demand,Safe,211.0,No Reorder
11.0,45.376666666666665,-34.376666666666665,Normal Demand,Safe,59.0,No Reorder
26.0,33.39666666666667,-7.396666666666668,Normal Demand,Safe,242.0,No Reorder
78.0,41.623333333333335,36.376666666666665,Normal Demand,Safe,81.0,No Reorder
41.0,42.17,-1.1700000000000017,Normal Demand,Risk,37.0,Reorder
37.0,36.29333333333334,0.7066666666666634,Normal Demand,Safe,74.0,No Reorder
27.0,50.83,-23.83,Normal Demand,Safe,156.0,No Reorder
29.0,39.016666666666666,-10.016666666666666,Normal Demand,Safe,114.0,No Reorder
32.0,36.47666666666667,-4.476666666666667,Normal Demand,Safe,281.0,No Reorder
61.0,41.82333333333333,19.17666666666667,Normal Demand,Safe,190.0,No Reorder
35.0,44.52,-9.520000000000003,Normal Demand,Safe,193.0,No Reorder
66.0,50.82,15.18,Normal Demand,Safe,159.0,No Reorder
41.0,48.57666666666667,-7.576666666666668,Normal Demand,Safe,157.0,No Reorder
59.0,47.17333333333333,11.826666666666668,Normal Demand,Safe,94.0,No Reorder
59.0,34.71666666666667,24.28333333333333,Normal Demand,Safe,85.0,No Reorder
9.0,50.61333333333334,-41.61333333333334,Normal Demand,Risk,22.0,Reorder
76.0,45.596666666666664,30.403333333333336,Normal Demand,Safe,168.0,No Reorder
28.0,47.15,-19.15,Normal Demand,Risk,22.0,Reorder
41.0,58.71,-17.71,Normal Demand,Safe,82.0,No Reorder
89.0,38.88666666666666,50.11333333333334,Normal Demand,Safe,159.88305634373734,No Reorder
32.0,42.166666666666664,-10.166666666666664,Normal Demand,Safe,150.0,No Reorder
39.0,45.06,-6.060000000000002,Normal Demand,Safe,129.0,No Reorder
70.0,54.61666666666667,15.383333333333333,Normal Demand,Risk,52.0,Reorder
16.0,43.833333333333336,-27.833333333333336,Normal Demand,Safe,155.0,No Reorder
89.0,49.95333333333333,39.04666666666667,Normal Demand,Risk,22.0,Reorder
54.0,51.553333333333335,2.4466666666666654,Normal Demand,Safe,137.0,No Reorder
31.0,49.87,-18.869999999999997,Normal Demand,Safe,88.0,No Reorder
80.0,52.49666666666667,27.50333333333333,Normal Demand,Safe,233.0,No Reorder
46.0,46.013333333333335,-0.013333333333335418,Normal Demand,Safe,55.0,No Reorder
48.0,55.733333333333334,-7.733333333333334,Normal Demand,Safe,259.0,No Reorder
37.0,40.556666666666665,-3.556666666666665,Normal Demand,Safe,101.0,No Reorder
72.0,49.97666666666667,22.023333333333333,Normal Demand,Safe,137.0,No Reorder
16.0,48.56333333333333,-32.56333333333333,Normal Demand,Safe,283.0,No Reorder
48.0,50.903333333333336,-2.903333333333336,Normal Demand,Safe,94.0,No Reorder
91.0,57.193333333333335,33.806666666666665,Normal Demand,Safe,191.0,No Reorder
31.0,49.50333333333333,-18.50333333333333,Normal Demand,Safe,146.0,No Reorder
65.0,54.09,10.909999999999997,Normal Demand,Safe,148.0,No Reorder
14.0,46.82666666666667,-32.82666666666667,Normal Demand,Safe,300.0,No Reorder
33.0,47.833333333333336,-14.833333333333336,Normal Demand,Safe,155.0,No Reorder
22.0,38.72,-16.72,Normal Demand,Safe,270.0,No Reorder
13.0,47.33,-34.33,Normal Demand,Safe,145.0,No Reorder
87.0,46.29333333333334,40.70666666666666,Normal Demand,Safe,128.0,No Reorder
53.0,39.516666666666666,13.483333333333334,Normal Demand,Safe,73.0,No Reorder
42.0,41.803333333333335,0.19666666666666544,Normal Demand,Risk,41.0,Reorder
79.0,50.696666666666665,28.303333333333335,Normal Demand,Safe,96.0,No Reorder
59.0,47.733333333333334,11.266666666666666,Normal Demand,Safe,241.0,No Reorder
81.0,49.79666666666667,31.203333333333333,Normal Demand,Safe,97.0,No Reorder
15.0,43.69,-28.689999999999998,Normal Demand,Safe,163.0,No Reorder
89.0,45.96666666666667,43.03333333333333,Normal Demand,Safe,252.0,No Reorder
85.0,43.34,41.66,Normal Demand,Safe,106.0,No Reorder
85.0,41.41,43.59,Normal Demand,Safe,142.0,No Reorder
57.0,44.47,12.530000000000001,Normal Demand,Safe,159.88305634373734,No Reorder
32.0,47.77,-15.770000000000003,Normal Demand,Safe,182.0,No Reorder
28.0,39.56333333333333,-11.563333333333333,Normal Demand,Safe,198.0,No Reorder
7.0,51.62,-44.62,Normal Demand,Safe,215.0,No Reorder
77.0,67.79666666666667,9.203333333333333,Normal Demand,Risk,64.0,Reorder
57.0,48.76,8.240000000000002,Normal Demand,Safe,219.0,No Reorder
16.0,51.943333333333335,-35.943333333333335,Normal Demand,Safe,78.0,No Reorder
7.0,40.32,-33.32,Normal Demand,Safe,247.0,No Reorder
78.0,63.72666666666667,14.273333333333333,Normal Demand,Safe,238.0,No Reorder
91.0,45.06666666666667,45.93333333333333,Normal Demand,Safe,174.0,No Reorder
61.0,52.61666666666667,8.383333333333333,Normal Demand,Safe,159.88305634373734,No Reorder
41.0,49.4,-8.399999999999999,Normal Demand,Safe,179.0,No Reorder
13.0,38.836666666666666,-25.836666666666666,Normal Demand,Safe,244.0,No Reorder
79.0,38.916666666666664,40.083333333333336,Normal Demand,Safe,113.0,No Reorder
27.0,42.59,-15.590000000000003,Normal Demand,Risk,30.0,Reorder
31.0,46.04,-15.04,Normal Demand,Safe,220.0,No Reorder
91.0,44.57333333333333,46.42666666666667,Normal Demand,Risk,39.0,Reorder
14.0,44.906666666666666,-30.906666666666666,Normal Demand,Safe,117.0,No Reorder
33.0,61.12,-28.119999999999997,Normal Demand,Safe,83.0,No Reorder
26.0,42.46666666666667,-16.46666666666667,Normal Demand,Safe,114.0,No Reorder
46.0,46.413333333333334,-0.413333333333334,Normal Demand,Safe,276.0,No Reorder
26.0,46.93,-20.93,Normal Demand,Safe,246.0,No Reorder
70.0,258.61333333333334,-188.61333333333334,High Demand,Risk,231.0,Reorder
35.0,48.71666666666667,-13.716666666666669,Normal Demand,Safe,66.0,No Reorder
6.0,48.97,-42.97,Normal Demand,Safe,245.0,No Reorder
61.0,46.723333333333336,14.276666666666664,Normal Demand,Safe,294.0,No Reorder
63.0,50.846666666666664,12.153333333333336,Normal Demand,Safe,212.0,No Reorder
76.0,48.943333333333335,27.056666666666665,Normal Demand,Safe,159.88305634373734,No Reorder
31.0,43.18,-12.18,Normal Demand,Safe,162.0,No Reorder
55.0,43.36666666666667,11.633333333333333,Normal Demand,Safe,97.0,No Reorder
87.0,45.88,41.12,Normal Demand,Safe,184.0,No Reorder
87.0,47.32,39.68,Normal Demand,Safe,208.0,No Reorder
63.0,194.16666666666666,-131.16666666666666,High Demand,Safe,279.0,No Reorder
41.0,47.87,-6.869999999999997,Normal Demand,Safe,222.0,No Reorder
18.0,49.31666666666667,-31.31666666666667,Normal Demand,Safe,279.0,No Reorder
10.0,38.58,-28.58,Normal Demand,Safe,39.0,No Reorder
75.0,46.23,28.770000000000003,Normal Demand,Safe,253.0,No Reorder
40.0,47.1,-7.100000000000001,Normal Demand,Safe,89.0,No Reorder
20.0,40.78,-20.78,Normal Demand,Safe,186.0,No Reorder
18.0,43.42666666666667,-25.42666666666667,Normal Demand,Risk,23.0,Reorder
10.0,44.53,-34.53,Normal Demand,Safe,111.0,No Reorder
55.0,40.74,14.259999999999998,Normal Demand,Safe,122.0,No Reorder
44.0,40.57,3.4299999999999997,Normal Demand,Safe,121.0,No Reorder
52.0,44.83,7.170000000000002,Normal Demand,Safe,211.0,No Reorder
88.0,46.99666666666667,41.00333333333333,Normal Demand,Safe,159.88305634373734,No Reorder
67.0,47.49666666666667,19.50333333333333,Normal Demand,Safe,235.0,No Reorder
15.0,37.71666666666667,-22.71666666666667,Normal Demand,Safe,288.0,No Reorder
45.0,48.78,-3.780000000000001,Normal Demand,Safe,263.0,No Reorder
28.0,41.663333333333334,-13.663333333333334,Normal Demand,Safe,55.0,No Reorder
45.0,41.25666666666667,3.7433333333333323,Normal Demand,Safe,116.0,No Reorder
75.0,48.25666666666667,26.743333333333332,Normal Demand,Safe,201.0,No Reorder
53.0,41.69,11.310000000000002,Normal Demand,Risk,36.0,Reorder
65.0,53.48,11.520000000000003,Normal Demand,Safe,96.0,No Reorder
25.0,45.39,-20.39,Normal Demand,Safe,275.0,No Reorder
48.0,46.97,1.0300000000000011,Normal Demand,Risk,44.0,Reorder
24.0,58.96666666666667,-34.96666666666667,Normal Demand,Safe,209.0,No Reorder
45.0,39.96666666666667,5.033333333333331,Normal Demand,Safe,46.0,No Reorder
35.0,53.403333333333336,-18.403333333333336,Normal Demand,Safe,117.0,No Reorder
48.0,66.93,-18.930000000000007,Normal Demand,Safe,146.0,No Reorder
41.0,44.81,-3.8100000000000023,Normal Demand,Risk,34.0,Reorder
70.0,36.89666666666667,33.10333333333333,Normal Demand,Safe,41.0,No Reorder
91.0,51.833333333333336,39.166666666666664,Normal Demand,Safe,132.0,No Reorder
20.0,51.43333333333333,-31.43333333333333,Normal Demand,Safe,298.0,No Reorder
35.0,64.57,-29.569999999999993,Normal Demand,Safe,264.0,No Reorder
88.0,49.28666666666667,38.71333333333333,Normal Demand,Safe,208.0,No Reorder
63.0,54.39,8.61,Normal Demand,Risk,43.0,Reorder
13.0,36.96333333333333,-23.96333333333333,Normal Demand,Safe,280.0,No Reorder
83.0,44.093333333333334,38.906666666666666,Normal Demand,Safe,159.88305634373734,No Reorder
61.0,42.766666666666666,18.233333333333334,Normal Demand,Safe,180.0,No Reorder
33.0,35.89,-2.8900000000000006,Normal Demand,Safe,152.0,No Reorder
22.0,44.803333333333335,-22.803333333333335,Normal Demand,Safe,159.88305634373734,No Reorder
50.0,51.17333333333333,-1.173333333333332,Normal Demand,Risk,34.0,Reorder
57.0,41.346666666666664,15.653333333333336,Normal Demand,Safe,283.0,No Reorder
72.0,44.413333333333334,27.586666666666666,Normal Demand,Safe,131.0,No Reorder
50.0,36.46,13.54,Normal Demand,Safe,215.0,No Reorder
32.0,48.49,-16.490000000000002,Normal Demand,Safe,155.0,No Reorder
9.0,44.05,-35.05,Normal Demand,Safe,199.0,No Reorder
93.0,57.78333333333333,35.21666666666667,Normal Demand,Risk,35.0,Reorder
23.0,39.94,-16.939999999999998,Normal Demand,Safe,242.0,No Reorder
11.0,53.89666666666667,-42.89666666666667,Normal Demand,Safe,99.0,No Reorder
31.0,48.43333333333333,-17.43333333333333,Normal Demand,Safe,56.0,No Reorder
74.0,38.28,35.72,Normal Demand,Safe,210.0,No Reorder
54.0,39.03666666666667,14.963333333333331,Normal Demand,Safe,191.0,No Reorder
3750.0,47.79,3702.21,Normal Demand,Safe,263.0,No Reorder
27.0,49.916666666666664,-22.916666666666664,Normal Demand,Safe,189.0,No Reorder
71.0,39.276666666666664,31.723333333333336,Normal Demand,Safe,219.0,No Reorder
78.0,41.17,36.83,Normal Demand,Safe,245.0,No Reorder
32.0,50.86666666666667,-18.866666666666667,Normal Demand,Safe,142.0,No Reorder
78.0,57.96333333333333,20.03666666666667,Normal Demand,Safe,262.0,No Reorder
19.0,45.32666666666667,-26.326666666666668,Normal Demand,Safe,88.0,No Reorder
19.0,47.24333333333333,-28.243333333333332,Normal Demand,Safe,159.88305634373734,No Reorder
89.0,38.60666666666667,50.39333333333333,Normal Demand,Safe,258.0,No Reorder
91.0,52.32666666666667,38.67333333333333,Normal Demand,Safe,194.0,No Reorder
91.0,49.03666666666667,41.96333333333333,Normal Demand,Safe,212.0,No Reorder
84.0,46.416666666666664,37.583333333333336,Normal Demand,Safe,177.0,No Reorder
81.0,44.086666666666666,36.913333333333334,Normal Demand,Safe,155.0,No Reorder
87.0,41.11666666666667,45.88333333333333,Normal Demand,Safe,243.0,No Reorder
13.0,41.943333333333335,-28.943333333333335,Normal Demand,Safe,283.0,No Reorder
16.0,47.54333333333334,-31.543333333333337,Normal Demand,Safe,63.0,No Reorder
15.0,46.32,-31.32,Normal Demand,Safe,299.0,No Reorder
62.0,46.836666666666666,15.163333333333334,Normal Demand,Safe,108.0,No Reorder
79.0,53.43333333333333,25.56666666666667,Normal Demand,Safe,165.0,No Reorder
21.0,54.833333333333336,-33.833333333333336,Normal Demand,Safe,168.0,No Reorder
84.0,44.97666666666667,39.02333333333333,Normal Demand,Safe,300.0,No Reorder
45.0,41.99333333333333,3.0066666666666677,Normal Demand,Safe,185.0,No Reorder
41.0,54.21,-13.21,Normal Demand,Safe,209.0,No Reorder
66.0,47.96333333333333,18.03666666666667,Normal Demand,Safe,87.0,No Reorder
66.0,44.083333333333336,21.916666666666664,Normal Demand,Safe,236.0,No Reorder
70.0,46.95333333333333,23.046666666666667,Normal Demand,Safe,248.0,No Reorder
20.0,44.44,-24.439999999999998,Normal Demand,Risk,40.0,Reorder
27.0,64.82666666666667,-37.82666666666667,Normal Demand,Safe,114.0,No Reorder
6.0,41.99666666666667,-35.99666666666667,Normal Demand,Safe,229.0,No Reorder
71.0,42.88666666666666,28.113333333333337,Normal Demand,Safe,117.0,No Reorder
40.0,46.61,-6.609999999999999,Normal Demand,Safe,83.0,No Reorder
45.0,36.56666666666667,8.43333333333333,Normal Demand,Safe,247.0,No Reorder
61.0,43.406666666666666,17.593333333333334,Normal Demand,Safe,84.0,No Reorder
33.0,39.123333333333335,-6.123333333333335,Normal Demand,Safe,50.0,No Reorder
44.0,48.656666666666666,-4.656666666666666,Normal Demand,Safe,282.0,No Reorder
58.0,42.663333333333334,15.336666666666666,Normal Demand,Safe,68.0,No Reorder
27.0,53.63333333333333,-26.633333333333333,Normal Demand,Safe,296.0,No Reorder
91.0,47.03,43.97,Normal Demand,Safe,98.0,No Reorder
19.0,37.336666666666666,-18.336666666666666,Normal Demand,Safe,217.0,No Reorder
41.0,44.36666666666667,-3.366666666666667,Normal Demand,Safe,152.0,No Reorder
7.0,38.123333333333335,-31.123333333333335,Normal Demand,Safe,246.0,No Reorder
70.0,39.553333333333335,30.446666666666665,Normal Demand,Safe,144.0,No Reorder
75.0,42.65,32.35,Normal Demand,Safe,69.0,No Reorder
20.0,41.266666666666666,-21.266666666666666,Normal Demand,Risk,28.0,Reorder
37.0,49.03666666666667,-12.036666666666669,Normal Demand,Safe,74.0,No Reorder
33.0,42.403333333333336,-9.403333333333336,Normal Demand,Safe,243.0,No Reorder
68.0,136.60333333333332,-68.60333333333332,High Demand,Safe,167.0,No Reorder
35.0,34.95666666666666,0.043333333333336554,Normal Demand,Safe,106.0,No Reorder
41.0,43.8,-2.799999999999997,Normal Demand,Safe,269.0,No Reorder
53.0,41.81,11.189999999999998,Normal Demand,Safe,154.0,No Reorder
22.0,40.723333333333336,-18.723333333333336,Normal Demand,Safe,59.0,No Reorder
85.0,40.39,44.61,Normal Demand,Safe,249.0,No Reorder
74.0,39.28,34.72,Normal Demand,Safe,134.0,No Reorder
70.0,39.833333333333336,30.166666666666664,Normal Demand,Safe,117.0,No Reorder
85.0,41.32333333333333,43.67666666666667,Normal Demand,Safe,237.0,No Reorder
84.0,39.86666666666667,44.13333333333333,Normal Demand,Safe,278.0,No Reorder
7.0,39.89,-32.89,Normal Demand,Risk,28.0,Reorder
59.0,44.06666666666667,14.93333333333333,Normal Demand,Safe,109.0,No Reorder
61.0,41.86333333333334,19.136666666666663,Normal Demand,Safe,53.0,No Reorder
15.0,37.54,-22.54,Normal Demand,Safe,146.0,No Reorder
13.0,50.77333333333333,-37.77333333333333,Normal Demand,Safe,54.0,No Reorder
49.0,46.62,2.3800000000000026,Normal Demand,Safe,133.0,No Reorder
59.0,66.3,-7.299999999999997,Normal Demand,Safe,159.88305634373734,No Reorder
50.0,39.81333333333333,10.186666666666667,Normal Demand,Safe,162.0,No Reorder
88.0,40.24,47.76,Normal Demand,Safe,83.0,No Reorder
58.0,42.63,15.369999999999997,Normal Demand,Safe,117.0,No Reorder
84.0,39.943333333333335,44.056666666666665,Normal Demand,Risk,26.0,Reorder
78.0,42.443333333333335,35.556666666666665,Normal Demand,Safe,225.0,No Reorder
57.0,41.21666666666667,15.783333333333331,Normal Demand,Safe,164.0,No Reorder
52.0,33.39666666666667,18.60333333333333,Normal Demand,Safe,279.0,No Reorder
15.0,43.833333333333336,-28.833333333333336,Normal Demand,Risk,40.0,Reorder
80.0,47.02333333333333,32.97666666666667,Normal Demand,Safe,229.0,No Reorder
53.0,53.72666666666667,-0.7266666666666666,Normal Demand,Safe,66.0,No Reorder
74.0,49.36333333333334,24.636666666666663,Normal Demand,Safe,109.0,No Reorder
85.0,57.553333333333335,27.446666666666665,Normal Demand,Risk,32.0,Reorder
84.0,44.03333333333333,39.96666666666667,Normal Demand,Safe,246.0,No Reorder
800.0,71.76333333333334,728.2366666666667,High Demand,Risk,26.0,Reorder
71.0,49.843333333333334,21.156666666666666,Normal Demand,Safe,124.0,No Reorder
35.0,53.75,-18.75,Normal Demand,Safe,245.0,No Reorder
39.0,46.973333333333336,-7.973333333333336,Normal Demand,Safe,205.0,No Reorder
32.0,42.18,-10.18,Normal Demand,Safe,164.0,No Reorder
81.0,50.00333333333333,30.99666666666667,Normal Demand,Safe,58.0,No Reorder
39.0,44.163333333333334,-5.163333333333334,Normal Demand,Safe,187.0,No Reorder
46.0,46.00333333333333,-0.0033333333333303017,Normal Demand,Safe,214.0,No Reorder
70.0,39.93333333333333,30.06666666666667,Normal Demand,Safe,97.0,No Reorder
29.0,46.57,-17.57,Normal Demand,Safe,156.0,No Reorder
41.0,46.45333333333333,-5.453333333333333,Normal Demand,Safe,248.0,No Reorder
50.0,43.736666666666665,6.263333333333335,Normal Demand,Safe,49.0,No Reorder
27.0,44.28,-17.28,Normal Demand,Safe,103.0,No Reorder
61.0,42.943333333333335,18.056666666666665,Normal Demand,Safe,172.0,No Reorder
24.0,41.10333333333333,-17.10333333333333,Normal Demand,Safe,174.0,No Reorder
62.0,42.70333333333333,19.296666666666667,Normal Demand,Safe,111.0,No Reorder
35.0,47.35,-12.350000000000001,Normal Demand,Safe,166.0,No Reorder
84.0,48.166666666666664,35.833333333333336,Normal Demand,Safe,72.0,No Reorder
53.0,51.93,1.0700000000000003,Normal Demand,Safe,173.0,No Reorder
32.0,48.02333333333333,-16.023333333333333,Normal Demand,Safe,266.0,No Reorder
81.0,43.52,37.48,Normal Demand,Safe,205.0,No Reorder
6.0,45.943333333333335,-39.943333333333335,Normal Demand,Safe,272.0,No Reorder
14.0,48.97666666666667,-34.97666666666667,Normal Demand,Safe,139.0,No Reorder
7.0,44.663333333333334,-37.663333333333334,Normal Demand,Safe,250.0,No Reorder
41.0,42.2,-1.2000000000000028,Normal Demand,Safe,84.0,No Reorder
41.0,42.66,-1.6599999999999966,Normal Demand,Safe,107.0,No Reorder
79.0,44.63,34.37,Normal Demand,Safe,156.0,No Reorder
40.0,50.92666666666667,-10.92666666666667,Normal Demand,Safe,297.0,No Reorder
35.0,42.63666666666666,-7.636666666666663,Normal Demand,Safe,132.0,No Reorder
41.0,44.806666666666665,-3.806666666666665,Normal Demand,Safe,82.0,No Reorder
31.0,45.20666666666666,-14.206666666666663,Normal Demand,Risk,23.0,Reorder
45.0,46.10333333333333,-1.1033333333333317,Normal Demand,Safe,227.0,No Reorder
49.0,49.43666666666667,-0.4366666666666674,Normal Demand,Safe,192.0,No Reorder
78.0,49.6,28.4,Normal Demand,Risk,24.0,Reorder
31.0,44.153333333333336,-13.153333333333336,Normal Demand,Safe,212.0,No Reorder
49.0,51.22,-2.219999999999999,Normal Demand,Safe,158.0,No Reorder
61.0,52.67666666666667,8.32333333333333,Normal Demand,Safe,144.0,No Reorder
36.0,45.97,-9.969999999999999,Normal Demand,Safe,78.0,No Reorder
78.0,48.81333333333333,29.186666666666667,Normal Demand,Safe,178.0,No Reorder
9.0,99.34666666666666,-90.34666666666666,High Demand,Safe,208.0,No Reorder
28.0,50.473333333333336,-22.473333333333336,Normal Demand,Safe,76.0,No Reorder
85.0,42.02,42.98,Normal Demand,Safe,293.0,No Reorder
81.0,50.763333333333335,30.236666666666665,Normal Demand,Safe,73.0,No Reorder
89.0,52.65,36.35,Normal Demand,Safe,143.0,No Reorder
65.0,43.583333333333336,21.416666666666664,Normal Demand,Risk,22.0,Reorder
24.0,41.82666666666667,-17.826666666666668,Normal Demand,Safe,235.0,No Reorder
71.0,43.986666666666665,27.013333333333335,Normal Demand,Safe,68.0,No Reorder
81.0,46.95,34.05,Normal Demand,Safe,288.0,No Reorder
41.0,55.89666666666667,-14.896666666666668,Normal Demand,Safe,219.0,No Reorder
22.0,47.13333333333333,-25.133333333333333,Normal Demand,Safe,234.0,No Reorder
40.0,57.03,-17.03,Normal Demand,Safe,244.0,No Reorder
18.0,45.18,-27.18,Normal Demand,Safe,192.0,No Reorder
22.0,44.346666666666664,-22.346666666666664,Normal Demand,Safe,159.88305634373734,No Reorder
73.0,56.5,16.5,Normal Demand,Safe,189.0,No Reorder
88.0,43.00666666666667,44.99333333333333,Normal Demand,Safe,176.0,No Reorder
7.0,54.516666666666666,-47.516666666666666,Normal Demand,Risk,27.0,Reorder
81.0,46.47666666666667,34.52333333333333,Normal Demand,Safe,156.0,No Reorder
66.0,39.58,26.42,Normal Demand,Safe,205.0,No Reorder
62.0,39.583333333333336,22.416666666666664,Normal Demand,Safe,272.0,No Reorder
81.0,51.096666666666664,29.903333333333336,Normal Demand,Safe,168.0,No Reorder
22.0,50.10333333333333,-28.10333333333333,Normal Demand,Safe,159.88305634373734,No Reorder
7.0,42.78,-35.78,Normal Demand,Safe,184.0,No Reorder
64.0,47.18,16.82,Normal Demand,Safe,234.0,No Reorder
57.0,48.04,8.96,Normal Demand,Safe,56.0,No Reorder
31.0,51.79,-20.79,Normal Demand,Safe,217.0,No Reorder
53.0,45.29666666666667,7.703333333333333,Normal Demand,Safe,116.0,No Reorder
91.0,48.513333333333335,42.486666666666665,Normal Demand,Safe,209.0,No Reorder
22.0,46.21666666666667,-24.21666666666667,Normal Demand,Safe,164.0,No Reorder
83.0,42.053333333333335,40.946666666666665,Normal Demand,Safe,194.0,No Reorder
70.0,46.156666666666666,23.843333333333334,Normal Demand,Safe,94.0,No Reorder
14.0,43.96333333333333,-29.96333333333333,Normal Demand,Safe,131.0,No Reorder
91.0,39.623333333333335,51.376666666666665,Normal Demand,Safe,215.0,No Reorder
28.0,40.12,-12.119999999999997,Normal Demand,Safe,219.0,No Reorder
85.0,41.45666666666666,43.54333333333334,Normal Demand,Safe,86.0,No Reorder
81.0,54.10333333333333,26.89666666666667,Normal Demand,Safe,99.0,No Reorder
83.0,45.97666666666667,37.02333333333333,Normal Demand,Safe,66.0,No Reorder
88.0,44.053333333333335,43.946666666666665,Normal Demand,Safe,126.0,No Reorder
91.0,42.64666666666667,48.35333333333333,Normal Demand,Risk,28.0,Reorder
58.0,54.64333333333333,3.356666666666669,Normal Demand,Safe,242.0,No Reorder
78.0,40.75,37.25,Normal Demand,Safe,53.0,No Reorder
40.0,41.79333333333334,-1.7933333333333366,Normal Demand,Risk,32.0,Reorder
62.0,43.723333333333336,18.276666666666664,Normal Demand,Safe,266.0,No Reorder
46.0,41.266666666666666,4.733333333333334,Normal Demand,Safe,257.0,No Reorder
16.0,40.35666666666667,-24.35666666666667,Normal Demand,Safe,115.0,No Reorder
48.0,46.43,1.5700000000000003,Normal Demand,Safe,261.0,No Reorder
36.0,40.07,-4.07,Normal Demand,Safe,68.0,No Reorder
48.0,40.43,7.57,Normal Demand,Safe,43.0,No Reorder
15.0,46.10666666666667,-31.10666666666667,Normal Demand,Risk,35.0,Reorder
42.0,54.67666666666667,-12.67666666666667,Normal Demand,Safe,283.0,No Reorder
53.0,38.18666666666667,14.813333333333333,Normal Demand,Safe,92.0,No Reorder
65.0,66.22666666666667,-1.2266666666666737,Normal Demand,Safe,200.0,No Reorder
11.0,41.89666666666667,-30.89666666666667,Normal Demand,Safe,160.0,No Reorder
32.0,48.84,-16.840000000000003,Normal Demand,Safe,181.0,No Reorder
91.0,47.88,43.12,Normal Demand,Safe,131.0,No Reorder
82.0,66.05666666666667,15.943333333333328,Normal Demand,Risk,50.0,Reorder
83.0,51.49666666666667,31.50333333333333,Normal Demand,Risk,42.0,Reorder
74.0,38.38666666666666,35.61333333333334,Normal Demand,Safe,271.0,No Reorder
71.0,48.733333333333334,22.266666666666666,Normal Demand,Safe,63.0,No Reorder
20.0,41.88,-21.880000000000003,Normal Demand,Safe,70.0,No Reorder
81.0,49.03666666666667,31.96333333333333,Normal Demand,Safe,159.88305634373734,No Reorder
18.0,47.67333333333333,-29.673333333333332,Normal Demand,Safe,299.0,No Reorder
84.0,45.656666666666666,38.343333333333334,Normal Demand,Safe,130.0,No Reorder
70.0,48.03,21.97,Normal Demand,Safe,218.0,No Reorder
42.0,52.17,-10.170000000000002,Normal Demand,Safe,227.0,No Reorder
81.0,40.73,40.27,Normal Demand,Safe,82.0,No Reorder
26.0,47.51,-21.509999999999998,Normal Demand,Safe,275.0,No Reorder
18.0,48.99333333333333,-30.993333333333332,Normal Demand,Risk,47.0,Reorder
20.0,46.0,-26.0,Normal Demand,Safe,60.0,No Reorder
54.0,46.25666666666667,7.743333333333332,Normal Demand,Safe,217.0,No Reorder
55.0,41.68,13.32,Normal Demand,Safe,194.0,No Reorder
58.0,47.10666666666667,10.89333333333333,Normal Demand,Safe,211.0,No Reorder
36.0,47.583333333333336,-11.583333333333336,Normal Demand,Safe,107.0,No Reorder
91.0,53.71666666666667,37.28333333333333,Normal Demand,Risk,46.0,Reorder
80.0,40.376666666666665,39.623333333333335,Normal Demand,Safe,288.0,No Reorder
39.0,42.14333333333333,-3.143333333333331,Normal Demand,Safe,246.0,No Reorder
66.0,46.083333333333336,19.916666666666664,Normal Demand,Safe,157.0,No Reorder
46.0,42.43,3.5700000000000003,Normal Demand,Safe,187.0,No Reorder
41.0,42.60666666666667,-1.6066666666666691,Normal Demand,Safe,254.0,No Reorder
68.0,57.266666666666666,10.733333333333334,Normal Demand,Safe,203.0,No Reorder
41.0,53.46666666666667,-12.466666666666669,Normal Demand,Safe,172.0,No Reorder
64.0,55.46,8.54,Normal Demand,Risk,33.0,Reorder
20.0,48.39333333333333,-28.39333333333333,Normal Demand,Safe,102.0,No Reorder
83.0,57.97666666666667,25.023333333333333,Normal Demand,Safe,187.0,No Reorder
40.0,43.82333333333333,-3.8233333333333306,Normal Demand,Safe,119.0,No Reorder
46.0,45.42666666666667,0.5733333333333306,Normal Demand,Safe,220.0,No Reorder
75.0,42.61333333333334,32.38666666666666,Normal Demand,Safe,281.0,No Reorder
70.0,46.19,23.810000000000002,Normal Demand,Safe,200.0,No Reorder
55.0,39.153333333333336,15.846666666666664,Normal Demand,Safe,154.0,No Reorder
58.0,36.92333333333333,21.076666666666668,Normal Demand,Safe,185.0,No Reorder
10.0,40.70666666666666,-30.706666666666663,Normal Demand,Risk,39.0,Reorder
42.0,48.51,-6.509999999999998,Normal Demand,Safe,247.0,No Reorder
10.0,30.79,-20.79,Normal Demand,Safe,228.0,No Reorder
70.0,43.97666666666667,26.023333333333333,Normal Demand,Safe,92.0,No Reorder
14.0,54.18666666666667,-40.18666666666667,Normal Demand,Safe,216.0,No Reorder
87.0,49.49333333333333,37.50666666666667,Normal Demand,Safe,72.0,No Reorder
45.0,46.95666666666666,-1.9566666666666634,Normal Demand,Risk,35.0,Reorder
23.0,42.97,-19.97,Normal Demand,Safe,160.0,No Reorder
75.0,40.93666666666667,34.06333333333333,Normal Demand,Safe,252.0,No Reorder
70.0,46.78333333333333,23.21666666666667,Normal Demand,Safe,159.0,No Reorder
81.0,43.663333333333334,37.336666666666666,Normal Demand,Safe,208.0,No Reorder
41.0,45.72666666666667,-4.726666666666667,Normal Demand,Safe,77.0,No Reorder
22.0,172.37,-150.37,High Demand,Risk,159.88305634373734,Reorder
42.0,44.3,-2.299999999999997,Normal Demand,Safe,270.0,No Reorder
58.0,49.443333333333335,8.556666666666665,Normal Demand,Safe,115.0,No Reorder
28.0,49.803333333333335,-21.803333333333335,Normal Demand,Safe,127.0,No Reorder
72.0,46.233333333333334,25.766666666666666,Normal Demand,Safe,149.0,No Reorder
37.0,50.06666666666667,-13.06666666666667,Normal Demand,Safe,165.0,No Reorder
83.0,66.31333333333333,16.686666666666667,Normal Demand,Safe,157.0,No Reorder
16.0,43.36333333333334,-27.363333333333337,Normal Demand,Safe,92.0,No Reorder
26.0,35.78666666666667,-9.786666666666669,Normal Demand,Safe,286.0,No Reorder
26.0,40.39333333333333,-14.39333333333333,Normal Demand,Safe,230.0,No Reorder
42.0,45.53,-3.530000000000001,Normal Demand,Safe,159.88305634373734,No Reorder
87.0,48.943333333333335,38.056666666666665,Normal Demand,Safe,135.0,No Reorder
55.0,39.67666666666667,15.32333333333333,Normal Demand,Safe,110.0,No Reorder
22.0,45.46333333333333,-23.46333333333333,Normal Demand,Safe,175.0,No Reorder
80.0,41.74,38.26,Normal Demand,Safe,216.0,No Reorder
31.0,57.88666666666666,-26.886666666666663,Normal Demand,Safe,273.0,No Reorder
68.0,41.986666666666665,26.013333333333335,Normal Demand,Safe,256.0,No Reorder
15.0,44.71666666666667,-29.71666666666667,Normal Demand,Safe,267.0,No Reorder
74.0,46.48,27.520000000000003,Normal Demand,Safe,85.0,No Reorder
75.0,47.61,27.39,Normal Demand,Safe,89.0,No Reorder
83.0,43.29333333333334,39.70666666666666,Normal Demand,Safe,210.0,No Reorder
36.0,39.303333333333335,-3.3033333333333346,Normal Demand,Safe,175.0,No Reorder
11.0,52.65,-41.65,Normal Demand,Safe,75.0,No Reorder
32.0,44.156666666666666,-12.156666666666666,Normal Demand,Safe,213.0,No Reorder
52.0,41.32333333333333,10.67666666666667,Normal Demand,Safe,60.0,No Reorder
76.0,49.22666666666667,26.773333333333333,Normal Demand,Safe,128.0,No Reorder
11.0,43.89333333333333,-32.89333333333333,Normal Demand,Safe,149.0,No Reorder
35.0,42.22666666666667,-7.226666666666667,Normal Demand,Safe,106.0,No Reorder
67.0,36.403333333333336,30.596666666666664,Normal Demand,Safe,58.0,No Reorder
14.0,53.42,-39.42,Normal Demand,Safe,146.0,No Reorder
24.0,60.556666666666665,-36.556666666666665,Normal Demand,Safe,291.0,No Reorder
70.0,57.55,12.450000000000003,Normal Demand,Safe,206.0,No Reorder
19.0,42.55,-23.549999999999997,Normal Demand,Safe,62.0,No Reorder
72.0,40.483333333333334,31.516666666666666,Normal Demand,Safe,179.0,No Reorder
40.0,47.196666666666665,-7.196666666666665,Normal Demand,Safe,101.0,No Reorder
76.0,59.776666666666664,16.223333333333336,Normal Demand,Safe,161.0,No Reorder
22.0,43.62,-21.619999999999997,Normal Demand,Safe,88.0,No Reorder
57.0,59.82,-2.8200000000000003,Normal Demand,Safe,212.0,No Reorder
85.0,48.5,36.5,Normal Demand,Safe,118.0,No Reorder
78.0,40.21666666666667,37.78333333333333,Normal Demand,Safe,52.0,No Reorder
49.0,40.53333333333333,8.466666666666669,Normal Demand,Safe,76.0,No Reorder
54.0,44.13666666666666,9.863333333333337,Normal Demand,Safe,139.0,No Reorder
39.0,54.376666666666665,-15.376666666666665,Normal Demand,Safe,290.0,No Reorder
61.0,45.79666666666667,15.203333333333333,Normal Demand,Safe,159.88305634373734,No Reorder
84.0,50.74333333333333,33.25666666666667,Normal Demand,Safe,274.0,No Reorder
88.0,43.49666666666667,44.50333333333333,Normal Demand,Safe,60.0,No Reorder
68.0,37.36666666666667,30.633333333333333,Normal Demand,Risk,28.0,Reorder
76.0,47.03,28.97,Normal Demand,Safe,113.0,No Reorder
52.0,39.153333333333336,12.846666666666664,Normal Demand,Safe,213.0,No Reorder
55.0,51.24666666666667,3.7533333333333303,Normal Demand,Risk,44.0,Reorder
75.0,43.52,31.479999999999997,Normal Demand,Safe,138.0,No Reorder
65.0,48.516666666666666,16.483333333333334,Normal Demand,Safe,136.0,No Reorder
40.0,40.04333333333334,-0.043333333333336554,Normal Demand,Safe,265.0,No Reorder
11.0,42.71333333333333,-31.71333333333333,Normal Demand,Safe,240.0,No Reorder
59.0,30.283333333333335,28.716666666666665,Normal Demand,Safe,256.0,No Reorder
13.0,39.92,-26.92,Normal Demand,Safe,178.0,No Reorder
52.0,35.986666666666665,16.013333333333335,Normal Demand,Safe,46.0,No Reorder
45.0,45.54666666666667,-0.5466666666666669,Normal Demand,Safe,299.0,No Reorder
85.0,49.91,35.09,Normal Demand,Safe,233.0,No Reorder
49.0,41.57,7.43,Normal Demand,Safe,206.0,No Reorder
20.0,48.97666666666667,-28.976666666666667,Normal Demand,Safe,51.0,No Reorder
62.0,40.02,21.979999999999997,Normal Demand,Risk,36.0,Reorder
42.0,43.723333333333336,-1.7233333333333363,Normal Demand,Safe,232.0,No Reorder
68.0,53.74333333333333,14.256666666666668,Normal Demand,Safe,58.0,No Reorder
67.0,47.21,19.79,Normal Demand,Safe,178.0,No Reorder
75.0,60.27333333333333,14.726666666666667,Normal Demand,Risk,28.0,Reorder
81.0,49.00666666666667,31.993333333333332,Normal Demand,Risk,45.0,Reorder
29.0,48.36333333333334,-19.363333333333337,Normal Demand,Safe,288.0,No Reorder
89.0,53.25666666666667,35.74333333333333,Normal Demand,Safe,156.0,No Reorder
13.0,46.42333333333333,-33.42333333333333,Normal Demand,Safe,293.0,No Reorder
41.0,48.36,-7.359999999999999,Normal Demand,Safe,159.88305634373734,No Reorder
28.0,53.376666666666665,-25.376666666666665,Normal Demand,Safe,135.0,No Reorder
95.0,58.2,36.8,Normal Demand,Safe,100.0,No Reorder
59.0,43.81333333333333,15.186666666666667,Normal Demand,Safe,227.0,No Reorder
27.0,55.38333333333333,-28.383333333333333,Normal Demand,Safe,174.0,No Reorder
37.0,42.68666666666667,-5.686666666666667,Normal Demand,Safe,291.0,No Reorder
42.0,45.84,-3.8400000000000034,Normal Demand,Safe,152.0,No Reorder
48.0,61.52,-13.520000000000003,Normal Demand,Safe,264.0,No Reorder
40.0,46.666666666666664,-6.666666666666664,Normal Demand,Safe,176.0,No Reorder
19.0,45.903333333333336,-26.903333333333336,Normal Demand,Safe,159.88305634373734,No Reorder
31.0,42.413333333333334,-11.413333333333334,Normal Demand,Risk,24.0,Reorder
48.0,48.03333333333333,-0.03333333333333144,Normal Demand,Safe,192.0,No Reorder
29.0,48.346666666666664,-19.346666666666664,Normal Demand,Safe,72.0,No Reorder
23.0,49.13666666666666,-26.136666666666663,Normal Demand,Safe,234.0,No Reorder
62.0,57.4,4.600000000000001,Normal Demand,Safe,251.0,No Reorder
41.0,64.08666666666667,-23.086666666666673,Normal Demand,Safe,116.0,No Reorder
85.0,46.63666666666666,38.36333333333334,Normal Demand,Safe,204.0,No Reorder
48.0,44.43333333333333,3.56666666666667,Normal Demand,Safe,210.0,No Reorder
91.0,53.42,37.58,Normal Demand,Safe,125.0,No Reorder
61.0,35.65,25.35,Normal Demand,Safe,249.0,No Reorder
65.0,43.22666666666667,21.773333333333333,Normal Demand,Safe,184.0,No Reorder
53.0,47.516666666666666,5.483333333333334,Normal Demand,Risk,38.0,Reorder
70.0,39.10333333333333,30.89666666666667,Normal Demand,Safe,239.0,No Reorder
23.0,49.97666666666667,-26.976666666666667,Normal Demand,Safe,165.0,No Reorder
15.0,39.336666666666666,-24.336666666666666,Normal Demand,Safe,43.0,No Reorder
37.0,50.39333333333333,-13.39333333333333,Normal Demand,Safe,64.0,No Reorder
89.0,39.056666666666665,49.943333333333335,Normal Demand,Risk,30.0,Reorder
35.0,45.99,-10.990000000000002,Normal Demand,Safe,135.0,No Reorder
13.0,50.126666666666665,-37.126666666666665,Normal Demand,Safe,213.0,No Reorder
68.0,50.77333333333333,17.226666666666667,Normal Demand,Safe,294.0,No Reorder
35.0,47.34,-12.340000000000003,Normal Demand,Safe,81.0,No Reorder
63.0,51.27,11.729999999999997,Normal Demand,Risk,25.0,Reorder
9.0,54.51,-45.51,Normal Demand,Safe,159.0,No Reorder
41.0,55.61,-14.61,Normal Demand,Safe,160.0,No Reorder
59.0,44.31,14.689999999999998,Normal Demand,Safe,68.0,No Reorder
76.0,45.43666666666667,30.563333333333333,Normal Demand,Safe,296.0,No Reorder
58.0,42.916666666666664,15.083333333333336,Normal Demand,Safe,190.0,No Reorder
7.0,45.44,-38.44,Normal Demand,Safe,114.0,No Reorder
9.0,40.096666666666664,-31.096666666666664,Normal Demand,Safe,207.0,No Reorder
23.0,57.14333333333333,-34.14333333333333,Normal Demand,Safe,159.88305634373734,No Reorder
63.0,40.11,22.89,Normal Demand,Safe,187.0,No Reorder
85.0,47.276666666666664,37.723333333333336,Normal Demand,Safe,279.0,No Reorder
88.0,40.47,47.53,Normal Demand,Safe,62.0,No Reorder
42.0,50.85666666666667,-8.85666666666667,Normal Demand,Safe,195.0,No Reorder
78.0,53.766666666666666,24.233333333333334,Normal Demand,Safe,296.0,No Reorder
6.0,40.553333333333335,-34.553333333333335,Normal Demand,Safe,51.0,No Reorder
61.0,50.63,10.369999999999997,Normal Demand,Safe,290.0,No Reorder
91.0,51.86666666666667,39.13333333333333,Normal Demand,Safe,255.0,No Reorder
19.0,40.64333333333333,-21.64333333333333,Normal Demand,Safe,72.0,No Reorder
49.0,52.68666666666667,-3.6866666666666674,Normal Demand,Safe,244.0,No Reorder
39.0,41.97,-2.969999999999999,Normal Demand,Safe,61.0,No Reorder
20.0,49.20333333333333,-29.203333333333333,Normal Demand,Safe,179.0,No Reorder
49.0,41.64,7.359999999999999,Normal Demand,Safe,123.0,No Reorder
15.0,531.25,-516.25,High Demand,Risk,67.0,Reorder
29.0,37.67333333333333,-8.673333333333332,Normal Demand,Safe,193.0,No Reorder
28.0,39.266666666666666,-11.266666666666666,Normal Demand,Safe,90.0,No Reorder
87.0,42.803333333333335,44.196666666666665,Normal Demand,Safe,203.0,No Reorder
52.0,198.45333333333335,-146.45333333333335,High Demand,Safe,283.0,No Reorder
79.0,42.02333333333333,36.97666666666667,Normal Demand,Safe,281.0,No Reorder
28.0,46.43666666666667,-18.436666666666667,Normal Demand,Safe,126.0,No Reorder
80.0,42.88333333333333,37.11666666666667,Normal Demand,Safe,152.0,No Reorder
54.0,43.24333333333333,10.756666666666668,Normal Demand,Risk,22.0,Reorder
67.0,51.24666666666667,15.75333333333333,Normal Demand,Safe,151.0,No Reorder
68.0,49.28333333333333,18.71666666666667,Normal Demand,Safe,272.0,No Reorder
20.0,44.836666666666666,-24.836666666666666,Normal Demand,Safe,55.0,No Reorder
35.0,50.47666666666667,-15.476666666666667,Normal Demand,Safe,169.0,No Reorder
81.0,107.98333333333333,-26.983333333333334,High Demand,Safe,171.0,No Reorder
62.0,42.70666666666666,19.293333333333337,Normal Demand,Safe,92.0,No Reorder
71.0,68.04,2.9599999999999937,Normal Demand,Risk,61.0,Reorder
23.0,48.44,-25.439999999999998,Normal Demand,Safe,180.0,No Reorder
74.0,43.12,30.880000000000003,Normal Demand,Safe,94.0,No Reorder
38.0,54.21666666666667,-16.21666666666667,Normal Demand,Safe,208.0,No Reorder
27.0,44.516666666666666,-17.516666666666666,Normal Demand,Safe,202.0,No Reorder
49.0,55.806666666666665,-6.806666666666665,Normal Demand,Safe,255.0,No Reorder
61.0,49.52,11.479999999999997,Normal Demand,Risk,49.0,Reorder
32.0,40.00666666666667,-8.006666666666668,Normal Demand,Safe,53.0,No Reorder
108.0,53.53,54.47,Normal Demand,Safe,284.0,No Reorder
85.0,46.946666666666665,38.053333333333335,Normal Demand,Safe,199.0,No Reorder
84.0,46.17333333333333,37.82666666666667,Normal Demand,Safe,91.0,No Reorder
76.0,39.553333333333335,36.446666666666665,Normal Demand,Safe,288.0,No Reorder
39.0,53.07,-14.07,Normal Demand,Safe,218.0,No Reorder
97.0,53.123333333333335,43.876666666666665,Normal Demand,Safe,219.0,No Reorder
26.0,44.95,-18.950000000000003,Normal Demand,Safe,225.0,No Reorder
65.0,43.75,21.25,Normal Demand,Safe,162.0,No Reorder
42.0,41.75666666666667,0.2433333333333323,Normal Demand,Safe,247.0,No Reorder
95.0,60.03666666666667,34.96333333333333,Normal Demand,Safe,259.0,No Reorder
67.0,58.24333333333333,8.756666666666668,Normal Demand,Risk,50.0,Reorder
16.0,42.35333333333333,-26.35333333333333,Normal Demand,Safe,239.0,No Reorder
75.0,53.44,21.560000000000002,Normal Demand,Safe,227.0,No Reorder
78.0,58.11,19.89,Normal Demand,Safe,159.0,No Reorder
22.0,60.93333333333333,-38.93333333333333,Normal Demand,Safe,178.0,No Reorder
62.0,55.13666666666666,6.863333333333337,Normal Demand,Safe,222.0,No Reorder
66.0,47.69,18.310000000000002,Normal Demand,Safe,274.0,No Reorder
53.0,41.053333333333335,11.946666666666665,Normal Demand,Safe,134.0,No Reorder
58.0,41.35333333333333,16.64666666666667,Normal Demand,Safe,48.0,No Reorder
85.0,42.20666666666666,42.79333333333334,Normal Demand,Safe,193.0,No Reorder
31.0,49.18,-18.18,Normal Demand,Safe,236.0,No Reorder
29.0,35.46333333333333,-6.463333333333331,Normal Demand,Risk,21.0,Reorder
19.0,47.07,-28.07,Normal Demand,Risk,32.0,Reorder
9.0,53.67,-44.67,Normal Demand,Risk,39.0,Reorder
52.0,47.17333333333333,4.826666666666668,Normal Demand,Safe,161.0,No Reorder
78.0,46.92333333333333,31.076666666666668,Normal Demand,Safe,176.0,No Reorder
78.0,38.03666666666667,39.96333333333333,Normal Demand,Safe,91.0,No Reorder
62.0,52.943333333333335,9.056666666666665,Normal Demand,Safe,241.0,No Reorder
57.0,55.22,1.7800000000000011,Normal Demand,Safe,150.0,No Reorder
46.0,50.303333333333335,-4.303333333333335,Normal Demand,Safe,297.0,No Reorder
10.0,53.236666666666665,-43.236666666666665,Normal Demand,Safe,172.0,No Reorder
70.0,37.61666666666667,32.38333333333333,Normal Demand,Safe,275.0,No Reorder
41.0,51.97,-10.969999999999999,Normal Demand,Safe,244.0,No Reorder
18.0,49.10666666666667,-31.10666666666667,Normal Demand,Safe,141.0,No Reorder
22.0,43.17666666666667,-21.17666666666667,Normal Demand,Safe,126.0,No Reorder
66.0,45.096666666666664,20.903333333333336,Normal Demand,Safe,296.0,No Reorder
78.0,40.99,37.01,Normal Demand,Safe,204.0,No Reorder
53.0,42.00333333333333,10.99666666666667,Normal Demand,Safe,300.0,No Reorder
62.0,38.51,23.490000000000002,Normal Demand,Risk,37.0,Reorder
57.0,38.666666666666664,18.333333333333336,Normal Demand,Safe,221.0,No Reorder
83.0,36.903333333333336,46.096666666666664,Normal Demand,Safe,132.0,No Reorder
42.0,95.52666666666667,-53.52666666666667,High Demand,Safe,286.0,No Reorder
26.0,47.583333333333336,-21.583333333333336,Normal Demand,Safe,279.0,No Reorder
36.0,48.14333333333333,-12.14333333333333,Normal Demand,Risk,35.0,Reorder
62.0,44.983333333333334,17.016666666666666,Normal Demand,Risk,20.0,Reorder
29.0,57.403333333333336,-28.403333333333336,Normal Demand,Safe,180.0,No Reorder
83.0,35.92333333333333,47.07666666666667,Normal Demand,Safe,291.0,No Reorder
75.0,38.04,36.96,Normal Demand,Safe,274.0,No Reorder
33.0,38.61,-5.609999999999999,Normal Demand,Safe,76.0,No Reorder
63.0,49.95,13.049999999999997,Normal Demand,Safe,82.0,No Reorder
78.0,65.72666666666667,12.273333333333326,Normal Demand,Safe,300.0,No Reorder
70.0,41.223333333333336,28.776666666666664,Normal Demand,Safe,94.0,No Reorder
11.0,51.016666666666666,-40.016666666666666,Normal Demand,Safe,97.0,No Reorder
37.0,38.43333333333333,-1.43333333333333,Normal Demand,Safe,64.0,No Reorder
41.0,55.723333333333336,-14.723333333333336,Normal Demand,Safe,278.0,No Reorder
29.0,43.373333333333335,-14.373333333333335,Normal Demand,Safe,275.0,No Reorder
57.0,48.056666666666665,8.943333333333335,Normal Demand,Safe,140.0,No Reorder
44.0,55.836666666666666,-11.836666666666666,Normal Demand,Safe,267.0,No Reorder
48.0,43.32333333333333,4.676666666666669,Normal Demand,Safe,167.0,No Reorder
11.0,38.96333333333333,-27.96333333333333,Normal Demand,Safe,41.0,No Reorder
45.0,52.79666666666667,-7.796666666666667,Normal Demand,Safe,106.0,No Reorder
42.0,42.95666666666666,-0.9566666666666634,Normal Demand,Safe,97.0,No Reorder
14.0,38.26,-24.259999999999998,Normal Demand,Safe,80.0,No Reorder
10.0,38.25666666666667,-28.256666666666668,Normal Demand,Safe,81.0,No Reorder
91.0,48.96,42.04,Normal Demand,Safe,159.0,No Reorder
40.0,56.14333333333333,-16.14333333333333,Normal Demand,Safe,195.0,No Reorder
41.0,46.45666666666666,-5.4566666666666634,Normal Demand,Safe,82.0,No Reorder
7.0,50.026666666666664,-43.026666666666664,Normal Demand,Safe,57.0,No Reorder
57.0,49.95,7.049999999999997,Normal Demand,Safe,237.0,No Reorder
33.0,51.45,-18.450000000000003,Normal Demand,Safe,158.0,No Reorder
81.0,41.74,39.26,Normal Demand,Safe,161.0,No Reorder
41.0,39.59,1.4099999999999966,Normal Demand,Safe,288.0,No Reorder
53.0,46.04666666666667,6.953333333333333,Normal Demand,Safe,56.0,No Reorder
18.0,45.696666666666665,-27.696666666666665,Normal Demand,Safe,150.0,No Reorder
81.0,46.986666666666665,34.013333333333335,Normal Demand,Safe,155.0,No Reorder
68.0,48.77333333333333,19.226666666666667,Normal Demand,Safe,236.0,No Reorder
76.0,47.68333333333333,28.31666666666667,Normal Demand,Risk,45.0,Reorder
67.0,46.64,20.36,Normal Demand,Safe,187.0,No Reorder
22.0,47.03333333333333,-25.03333333333333,Normal Demand,Safe,86.0,No Reorder
53.0,49.61666666666667,3.383333333333333,Normal Demand,Safe,161.0,No Reorder
54.0,52.88666666666666,1.1133333333333368,Normal Demand,Safe,284.0,No Reorder
67.0,50.153333333333336,16.846666666666664,Normal Demand,Safe,244.0,No Reorder
109.0,56.64666666666667,52.35333333333333,Normal Demand,Safe,264.0,No Reorder
66.0,51.28,14.719999999999999,Normal Demand,Safe,66.0,No Reorder
80.0,56.013333333333335,23.986666666666665,Normal Demand,Safe,146.0,No Reorder
10.0,38.35333333333333,-28.35333333333333,Normal Demand,Safe,188.0,No Reorder
42.0,47.04,-5.039999999999999,Normal Demand,Safe,83.0,No Reorder
99.0,60.26,38.74,Normal Demand,Safe,250.0,No Reorder
79.0,42.55,36.45,Normal Demand,Safe,299.0,No Reorder
65.0,44.49666666666667,20.50333333333333,Normal Demand,Safe,282.0,No Reorder
74.0,53.82666666666667,20.173333333333332,Normal Demand,Safe,298.0,No Reorder
91.0,48.71333333333333,42.28666666666667,Normal Demand,Safe,107.0,No Reorder
48.0,40.20666666666666,7.7933333333333366,Normal Demand,Safe,204.0,No Reorder
84.0,46.01,37.99,Normal Demand,Risk,25.0,Reorder
41.0,47.76,-6.759999999999998,Normal Demand,Safe,138.0,No Reorder
80.0,53.916666666666664,26.083333333333336,Normal Demand,Risk,26.0,Reorder
87.0,48.97,38.03,Normal Demand,Safe,196.0,No Reorder
62.0,35.29333333333334,26.706666666666663,Normal Demand,Safe,267.0,No Reorder
49.0,59.93666666666667,-10.936666666666667,Normal Demand,Safe,168.0,No Reorder
89.0,51.36666666666667,37.63333333333333,Normal Demand,Safe,80.0,No Reorder
33.0,41.483333333333334,-8.483333333333334,Normal Demand,Safe,91.0,No Reorder
75.0,54.43333333333333,20.56666666666667,Normal Demand,Safe,69.0,No Reorder
20.0,48.24,-28.240000000000002,Normal Demand,Safe,161.0,No Reorder
65.0,43.13333333333333,21.866666666666667,Normal Demand,Safe,250.0,No Reorder
78.0,43.44,34.56,Normal Demand,Safe,58.0,No Reorder
49.0,55.4,-6.399999999999999,Normal Demand,Safe,177.0,No Reorder
23.0,44.8,-21.799999999999997,Normal Demand,Safe,192.0,No Reorder
52.0,48.2,3.799999999999997,Normal Demand,Safe,263.0,No Reorder
61.0,39.56,21.439999999999998,Normal Demand,Safe,82.0,No Reorder
97.0,57.416666666666664,39.583333333333336,Normal Demand,Safe,139.0,No Reorder
41.0,50.38666666666666,-9.386666666666663,Normal Demand,Safe,117.0,No Reorder
17.0,57.156666666666666,-40.156666666666666,Normal Demand,Safe,70.0,No Reorder
19.0,41.67666666666667,-22.67666666666667,Normal Demand,Safe,59.0,No Reorder
45.0,40.09,4.909999999999997,Normal Demand,Safe,177.0,No Reorder
28.0,42.72,-14.719999999999999,Normal Demand,Safe,266.0,No Reorder
85.0,228.33,-143.33,High Demand,Safe,229.0,No Reorder
33.0,53.64333333333333,-20.64333333333333,Normal Demand,Safe,175.0,No Reorder
39.0,44.25,-5.25,Normal Demand,Safe,159.88305634373734,No Reorder
80.0,52.71666666666667,27.28333333333333,Normal Demand,Risk,49.0,Reorder
70.0,38.88666666666666,31.113333333333337,Normal Demand,Safe,290.0,No Reorder
53.0,41.37,11.630000000000003,Normal Demand,Risk,25.0,Reorder
46.0,52.53666666666667,-6.536666666666669,Normal Demand,Safe,182.0,No Reorder
46.0,38.38333333333333,7.616666666666667,Normal Demand,Safe,48.0,No Reorder
31.0,54.53666666666667,-23.53666666666667,Normal Demand,Safe,228.0,No Reorder
67.0,49.44,17.560000000000002,Normal Demand,Safe,106.0,No Reorder
71.0,41.776666666666664,29.223333333333336,Normal Demand,Risk,38.0,Reorder
35.0,43.36,-8.36,Normal Demand,Safe,105.0,No Reorder
40.0,53.776666666666664,-13.776666666666664,Normal Demand,Safe,288.0,No Reorder
70.0,50.24666666666667,19.75333333333333,Normal Demand,Risk,40.0,Reorder
26.0,40.89333333333333,-14.89333333333333,Normal Demand,Safe,169.0,No Reorder
67.0,42.58,24.42,Normal Demand,Safe,173.0,No Reorder
71.0,132.92333333333335,-61.923333333333346,High Demand,Safe,206.0,No Reorder
45.0,48.973333333333336,-3.9733333333333363,Normal Demand,Risk,41.0,Reorder
63.0,38.00333333333333,24.99666666666667,Normal Demand,Safe,115.0,No Reorder
70.0,45.846666666666664,24.153333333333336,Normal Demand,Safe,163.0,No Reorder
48.0,61.236666666666665,-13.236666666666665,Normal Demand,Safe,210.0,No Reorder
32.0,36.85,-4.850000000000001,Normal Demand,Safe,202.0,No Reorder
63.0,46.54,16.46,Normal Demand,Risk,36.0,Reorder
87.0,47.733333333333334,39.266666666666666,Normal Demand,Safe,286.0,No Reorder
88.0,35.653333333333336,52.346666666666664,Normal Demand,Safe,113.0,No Reorder
62.0,45.96333333333333,16.03666666666667,Normal Demand,Safe,232.0,No Reorder
76.0,47.263333333333335,28.736666666666665,Normal Demand,Safe,178.0,No Reorder
33.0,41.56,-8.560000000000002,Normal Demand,Safe,44.0,No Reorder
53.0,37.79666666666667,15.203333333333333,Normal Demand,Safe,245.0,No Reorder
33.0,43.876666666666665,-10.876666666666665,Normal Demand,Safe,215.0,No Reorder
11.0,34.86666666666667,-23.866666666666667,Normal Demand,Safe,251.0,No Reorder
70.0,58.04,11.96,Normal Demand,Safe,199.0,No Reorder
27.0,62.94,-35.94,Normal Demand,Safe,220.0,No Reorder
11.0,45.776666666666664,-34.776666666666664,Normal Demand,Safe,198.0,No Reorder
48.0,46.04,1.9600000000000009,Normal Demand,Safe,110.0,No Reorder
91.0,41.276666666666664,49.723333333333336,Normal Demand,Safe,179.0,No Reorder
56.0,54.42333333333333,1.576666666666668,Normal Demand,Safe,294.0,No Reorder
84.0,56.876666666666665,27.123333333333335,Normal Demand,Safe,113.0,No Reorder
41.0,56.04666666666667,-15.046666666666667,Normal Demand,Safe,185.0,No Reorder
82.0,51.04333333333334,30.956666666666663,Normal Demand,Safe,275.0,No Reorder
40.0,41.343333333333334,-1.3433333333333337,Normal Demand,Safe,197.0,No Reorder
13.0,45.656666666666666,-32.656666666666666,Normal Demand,Safe,71.0,No Reorder
35.0,48.50666666666667,-13.506666666666668,Normal Demand,Safe,198.0,No Reorder
49.0,49.43,-0.4299999999999997,Normal Demand,Safe,244.0,No Reorder
50.0,45.24,4.759999999999998,Normal Demand,Safe,162.0,No Reorder
15.0,47.63333333333333,-32.63333333333333,Normal Demand,Safe,144.0,No Reorder
49.0,55.66,-6.659999999999997,Normal Demand,Safe,70.0,No Reorder
18.0,49.763333333333335,-31.763333333333335,Normal Demand,Safe,84.0,No Reorder
44.0,48.54,-4.539999999999999,Normal Demand,Safe,182.0,No Reorder
33.0,49.89,-16.89,Normal Demand,Safe,147.0,No Reorder
66.0,68.20333333333333,-2.203333333333333,Normal Demand,Safe,101.0,No Reorder
28.0,40.27,-12.270000000000003,Normal Demand,Safe,300.0,No Reorder
19.0,42.39666666666667,-23.39666666666667,Normal Demand,Safe,91.0,No Reorder
89.0,43.593333333333334,45.406666666666666,Normal Demand,Safe,106.0,No Reorder
13.0,39.596666666666664,-26.596666666666664,Normal Demand,Safe,261.0,No Reorder
72.0,45.653333333333336,26.346666666666664,Normal Demand,Safe,167.0,No Reorder
71.0,42.156666666666666,28.843333333333334,Normal Demand,Safe,272.0,No Reorder
28.0,42.31,-14.310000000000002,Normal Demand,Safe,296.0,No Reorder
39.0,45.32,-6.32,Normal Demand,Safe,221.0,No Reorder
9.0,47.29333333333334,-38.29333333333334,Normal Demand,Safe,189.0,No Reorder
91.0,47.593333333333334,43.406666666666666,Normal Demand,Safe,164.0,No Reorder
14.0,46.63333333333333,-32.63333333333333,Normal Demand,Safe,165.0,No Reorder
45.0,46.13333333333333,-1.1333333333333329,Normal Demand,Safe,181.0,No Reorder
80.0,38.39333333333333,41.60666666666667,Normal Demand,Safe,154.0,No Reorder
13.0,44.92333333333333,-31.923333333333332,Normal Demand,Safe,295.0,No Reorder
35.0,48.81666666666667,-13.81666666666667,Normal Demand,Safe,219.0,No Reorder
27.0,43.48,-16.479999999999997,Normal Demand,Safe,261.0,No Reorder
35.0,45.05,-10.049999999999997,Normal Demand,Safe,52.0,No Reorder
22.0,52.09,-30.090000000000003,Normal Demand,Safe,80.0,No Reorder
75.0,46.196666666666665,28.803333333333335,Normal Demand,Safe,57.0,No Reorder
33.0,56.13,-23.130000000000003,Normal Demand,Safe,256.0,No Reorder
89.0,47.486666666666665,41.513333333333335,Normal Demand,Safe,251.0,No Reorder
54.0,57.29666666666667,-3.296666666666667,Normal Demand,Risk,34.0,Reorder
85.0,45.61,39.39,Normal Demand,Risk,44.0,Reorder
13.0,44.75666666666667,-31.756666666666668,Normal Demand,Safe,227.0,No Reorder
41.0,52.336666666666666,-11.336666666666666,Normal Demand,Safe,159.88305634373734,No Reorder
24.0,147.56,-123.56,High Demand,Safe,185.0,No Reorder
13.0,44.983333333333334,-31.983333333333334,Normal Demand,Safe,149.0,No Reorder
80.0,44.45,35.55,Normal Demand,Safe,231.0,No Reorder
7.0,46.086666666666666,-39.086666666666666,Normal Demand,Safe,178.0,No Reorder
61.0,49.306666666666665,11.693333333333335,Normal Demand,Safe,234.0,No Reorder
41.0,44.763333333333335,-3.7633333333333354,Normal Demand,Risk,28.0,Reorder
74.0,51.45666666666666,22.543333333333337,Normal Demand,Safe,201.0,No Reorder
40.0,40.28333333333333,-0.28333333333333144,Normal Demand,Safe,65.0,No Reorder
28.0,38.153333333333336,-10.153333333333336,Normal Demand,Safe,104.0,No Reorder
24.0,44.21,-20.21,Normal Demand,Risk,33.0,Reorder
76.0,52.846666666666664,23.153333333333336,Normal Demand,Safe,162.0,No Reorder
6.0,46.89,-40.89,Normal Demand,Safe,190.0,No Reorder
23.0,45.07333333333333,-22.07333333333333,Normal Demand,Safe,193.0,No Reorder
46.0,56.343333333333334,-10.343333333333334,Normal Demand,Safe,244.0,No Reorder
59.0,44.626666666666665,14.373333333333335,Normal Demand,Safe,67.0,No Reorder
13.0,46.96333333333333,-33.96333333333333,Normal Demand,Safe,235.0,No Reorder
44.0,43.86333333333334,0.13666666666666316,Normal Demand,Safe,235.0,No Reorder
13.0,41.21666666666667,-28.21666666666667,Normal Demand,Safe,100.0,No Reorder
67.0,45.943333333333335,21.056666666666665,Normal Demand,Safe,224.0,No Reorder
41.0,36.266666666666666,4.733333333333334,Normal Demand,Risk,30.0,Reorder
30.0,43.913333333333334,-13.913333333333334,Normal Demand,Safe,119.0,No Reorder
62.0,43.166666666666664,18.833333333333336,Normal Demand,Safe,229.0,No Reorder
18.0,45.69,-27.689999999999998,Normal Demand,Safe,261.0,No Reorder
65.0,41.6,23.4,Normal Demand,Safe,201.0,No Reorder
13.0,51.15,-38.15,Normal Demand,Safe,146.0,No Reorder
76.0,40.61333333333334,35.38666666666666,Normal Demand,Safe,199.0,No Reorder
26.0,46.81666666666667,-20.81666666666667,Normal Demand,Safe,114.0,No Reorder
78.0,42.42,35.58,Normal Demand,Safe,198.0,No Reorder
46.0,37.96333333333333,8.036666666666669,Normal Demand,Safe,227.0,No Reorder
90.0,41.77,48.23,Normal Demand,Risk,21.0,Reorder
35.0,43.906666666666666,-8.906666666666666,Normal Demand,Safe,72.0,No Reorder
20.0,47.85,-27.85,Normal Demand,Risk,40.0,Reorder
45.0,55.22666666666667,-10.226666666666667,Normal Demand,Safe,299.0,No Reorder
78.0,49.75,28.25,Normal Demand,Safe,256.0,No Reorder
85.0,39.233333333333334,45.766666666666666,Normal Demand,Safe,124.0,No Reorder
57.0,48.99666666666667,8.00333333333333,Normal Demand,Safe,75.0,No Reorder
76.0,45.43333333333333,30.56666666666667,Normal Demand,Safe,188.0,No Reorder
74.0,54.696666666666665,19.303333333333335,Normal Demand,Safe,93.0,No Reorder
87.0,62.46,24.54,Normal Demand,Safe,84.0,No Reorder
60.0,49.75,10.25,Normal Demand,Safe,69.0,No Reorder
80.0,54.0,26.0,Normal Demand,Safe,122.0,No Reorder
26.0,45.18666666666667,-19.186666666666667,Normal Demand,Safe,194.0,No Reorder
19.0,43.79333333333334,-24.793333333333337,Normal Demand,Safe,272.0,No Reorder
45.0,55.00333333333333,-10.00333333333333,Normal Demand,Safe,275.0,No Reorder
79.0,47.16,31.840000000000003,Normal Demand,Safe,78.0,No Reorder
27.0,65.35666666666667,-38.35666666666667,Normal Demand,Safe,217.0,No Reorder
81.0,42.66,38.34,Normal Demand,Safe,177.0,No Reorder
59.0,39.57,19.43,Normal Demand,Safe,59.0,No Reorder
39.0,50.93,-11.93,Normal Demand,Safe,217.0,No Reorder
54.0,48.583333333333336,5.416666666666664,Normal Demand,Safe,269.0,No Reorder
91.0,42.73,48.27,Normal Demand,Safe,230.0,No Reorder
7.0,50.306666666666665,-43.306666666666665,Normal Demand,Safe,258.0,No Reorder
58.0,45.663333333333334,12.336666666666666,Normal Demand,Safe,296.0,No Reorder
72.0,35.096666666666664,36.903333333333336,Normal Demand,Safe,136.0,No Reorder
52.0,41.126666666666665,10.873333333333335,Normal Demand,Safe,62.0,No Reorder
88.0,34.35333333333333,53.64666666666667,Normal Demand,Safe,231.0,No Reorder
16.0,41.21333333333333,-25.21333333333333,Normal Demand,Safe,243.0,No Reorder
36.0,40.74,-4.740000000000002,Normal Demand,Safe,200.0,No Reorder
63.0,54.82666666666667,8.173333333333332,Normal Demand,Safe,255.0,No Reorder
44.0,41.556666666666665,2.443333333333335,Normal Demand,Safe,278.0,No Reorder
97.0,51.763333333333335,45.236666666666665,Normal Demand,Safe,216.0,No Reorder
26.0,49.36666666666667,-23.366666666666667,Normal Demand,Safe,166.0,No Reorder
28.0,26.35,1.6499999999999986,Normal Demand,Safe,283.0,No Reorder
54.0,54.276666666666664,-0.27666666666666373,Normal Demand,Safe,181.0,No Reorder
55.0,42.126666666666665,12.873333333333335,Normal Demand,Risk,27.0,Reorder
54.0,45.07,8.93,Normal Demand,Safe,230.0,No Reorder
24.0,54.50333333333333,-30.50333333333333,Normal Demand,Safe,105.0,No Reorder
26.0,39.473333333333336,-13.473333333333336,Normal Demand,Safe,192.0,No Reorder
10.0,53.44,-43.44,Normal Demand,Risk,29.0,Reorder
87.0,37.07,49.93,Normal Demand,Safe,93.0,No Reorder
79.0,37.36666666666667,41.63333333333333,Normal Demand,Safe,86.0,No Reorder
88.0,54.68666666666667,33.31333333333333,Normal Demand,Safe,137.0,No Reorder
65.0,47.28333333333333,17.71666666666667,Normal Demand,Safe,237.0,No Reorder
100.0,56.78,43.22,Normal Demand,Safe,110.0,No Reorder
11.0,42.23,-31.229999999999997,Normal Demand,Safe,217.0,No Reorder
43.0,47.82333333333333,-4.823333333333331,Normal Demand,Safe,62.0,No Reorder
50.0,50.11333333333334,-0.11333333333333684,Normal Demand,Safe,234.0,No Reorder
37.0,44.28666666666667,-7.286666666666669,Normal Demand,Risk,37.0,Reorder
59.0,45.736666666666665,13.263333333333335,Normal Demand,Safe,99.0,No Reorder
88.0,62.016666666666666,25.983333333333334,Normal Demand,Risk,53.0,Reorder
54.0,46.42,7.579999999999998,Normal Demand,Safe,251.0,No Reorder
75.0,47.81666666666667,27.18333333333333,Normal Demand,Safe,108.0,No Reorder
41.0,49.29,-8.29,Normal Demand,Safe,183.0,No Reorder
54.0,43.193333333333335,10.806666666666665,Normal Demand,Safe,249.0,No Reorder
61.0,42.81666666666667,18.18333333333333,Normal Demand,Safe,89.0,No Reorder
61.0,52.72666666666667,8.273333333333333,Normal Demand,Safe,255.0,No Reorder
89.0,39.083333333333336,49.916666666666664,Normal Demand,Safe,215.0,No Reorder
36.0,51.42666666666667,-15.42666666666667,Normal Demand,Safe,250.0,No Reorder
61.0,35.803333333333335,25.196666666666665,Normal Demand,Risk,28.0,Reorder
67.0,43.38666666666666,23.613333333333337,Normal Demand,Safe,274.0,No Reorder
79.0,46.39333333333333,32.60666666666667,Normal Demand,Safe,212.0,No Reorder
14.0,51.78333333333333,-37.78333333333333,Normal Demand,Safe,159.88305634373734,No Reorder
41.0,39.72666666666667,1.2733333333333334,Normal Demand,Safe,94.0,No Reorder
74.0,47.403333333333336,26.596666666666664,Normal Demand,Risk,21.0,Reorder
70.0,42.08,27.92,Normal Demand,Safe,47.0,No Reorder
62.0,43.28,18.72,Normal Demand,Safe,92.0,No Reorder
53.0,59.986666666666665,-6.986666666666665,Normal Demand,Safe,276.0,No Reorder
13.0,50.166666666666664,-37.166666666666664,Normal Demand,Safe,279.0,No Reorder
61.0,52.12,8.880000000000003,Normal Demand,Safe,238.0,No Reorder
18.0,46.74666666666667,-28.74666666666667,Normal Demand,Safe,264.0,No Reorder
9.0,47.053333333333335,-38.053333333333335,Normal Demand,Safe,95.0,No Reorder
48.0,39.02,8.979999999999997,Normal Demand,Safe,42.0,No Reorder
62.0,54.34,7.659999999999997,Normal Demand,Risk,41.0,Reorder
44.0,44.26,-0.259999999999998,Normal Demand,Safe,134.0,No Reorder
58.0,68.99333333333334,-10.99333333333334,Normal Demand,Safe,195.0,No Reorder
62.0,39.233333333333334,22.766666666666666,Normal Demand,Safe,120.0,No Reorder
85.0,37.28333333333333,47.71666666666667,Normal Demand,Safe,146.0,No Reorder
18.0,42.78,-24.78,Normal Demand,Safe,190.0,No Reorder
27.0,44.55,-17.549999999999997,Normal Demand,Safe,158.0,No Reorder
85.0,248.93666666666667,-163.93666666666667,High Demand,Safe,278.0,No Reorder
7.0,60.4,-53.4,Normal Demand,Safe,165.0,No Reorder
49.0,47.733333333333334,1.2666666666666657,Normal Demand,Safe,201.0,No Reorder
67.0,61.06333333333333,5.936666666666667,Normal Demand,Safe,284.0,No Reorder
32.0,42.303333333333335,-10.303333333333335,Normal Demand,Safe,256.0,No Reorder
7.0,53.25666666666667,-46.25666666666667,Normal Demand,Safe,212.0,No Reorder
77.0,51.61333333333334,25.386666666666663,Normal Demand,Safe,84.0,No Reorder
72.0,50.12,21.880000000000003,Normal Demand,Safe,216.0,No Reorder
45.0,46.07,-1.0700000000000003,Normal Demand,Safe,86.0,No Reorder
67.0,40.45666666666666,26.543333333333337,Normal Demand,Safe,295.0,No Reorder
58.0,301.80333333333334,-243.80333333333334,High Demand,Risk,254.0,Reorder
26.0,213.71666666666667,-187.71666666666667,High Demand,Safe,254.0,No Reorder
62.0,51.59,10.409999999999997,Normal Demand,Safe,187.0,No Reorder
81.0,50.14666666666667,30.85333333333333,Normal Demand,Safe,218.0,No Reorder
58.0,42.18666666666667,15.813333333333333,Normal Demand,Safe,74.0,No Reorder
83.0,54.053333333333335,28.946666666666665,Normal Demand,Safe,105.0,No Reorder
52.0,58.75666666666667,-6.756666666666668,Normal Demand,Safe,109.0,No Reorder
9.0,50.586666666666666,-41.586666666666666,Normal Demand,Safe,121.0,No Reorder
76.0,35.766666666666666,40.233333333333334,Normal Demand,Safe,39.0,No Reorder
14.0,45.01,-31.009999999999998,Normal Demand,Safe,167.0,No Reorder
14.0,39.193333333333335,-25.193333333333335,Normal Demand,Safe,296.0,No Reorder
74.0,54.086666666666666,19.913333333333334,Normal Demand,Risk,50.0,Reorder
66.0,39.26,26.740000000000002,Normal Demand,Safe,197.0,No Reorder
54.0,39.56,14.439999999999998,Normal Demand,Safe,127.0,No Reorder
78.0,50.31333333333333,27.686666666666667,Normal Demand,Safe,192.0,No Reorder
65.0,101.53,-36.53,High Demand,Safe,173.0,No Reorder
10.0,46.43333333333333,-36.43333333333333,Normal Demand,Safe,202.0,No Reorder
39.0,45.48,-6.479999999999997,Normal Demand,Safe,247.0,No Reorder
78.0,61.276666666666664,16.723333333333336,Normal Demand,Safe,163.0,No Reorder
20.0,39.35,-19.35,Normal Demand,Risk,39.0,Reorder
44.0,49.333333333333336,-5.333333333333336,Normal Demand,Safe,232.0,No Reorder
48.0,61.306666666666665,-13.306666666666665,Normal Demand,Safe,293.0,No Reorder
78.0,44.64333333333333,33.35666666666667,Normal Demand,Safe,87.0,No Reorder
41.0,54.913333333333334,-13.913333333333334,Normal Demand,Risk,54.0,Reorder
71.0,42.83,28.17,Normal Demand,Risk,40.0,Reorder
55.0,39.36,15.64,Normal Demand,Safe,81.0,No Reorder
67.0,38.25666666666667,28.743333333333332,Normal Demand,Safe,224.0,No Reorder
7.0,41.413333333333334,-34.413333333333334,Normal Demand,Safe,133.0,No Reorder
